BRA	BGR	CAN	CHL	EST	FIN	GEO	IDN	ITA	LVA	LTU	NLD	PER	POL	PRT	RUS	SRB	SVK	ESP	USA
0.646107	1.04457	32.5307	32.8881	8.96601	41.47	0.012029	0.140983	19.7915	2.91646	12.5746	67.9087	10.5466	1.33731	11.3246	0.220239	0.108	1.27899	7.65384	28.962
0.542226	1.29818	38.5091	36.9205	10.9938	54.4325	0.203261	0.187867	26.1047	3.62659	14.873	85.9622	11.4039	1.8357	13.3856	0.238497	NA	2.58318	10.32	32.857
0.684638	1.56826	46.493	39.4097	12.9823	61.0559	0.143181	0.266722	32.6966	3.92811	15.7054	95.0297	11.2516	2.12158	15.5239	0.140696	0.135647	3.50214	14.0437	38.5638
0.935178	2.42347	51.9569	45.1001	11.7033	62.2846	0.08088	0.35772	34.5868	5.43604	16.0223	97.3659	13.1999	2.27822	14.7085	0.214806	0.083552	3.97683	15.4336	38.6413
1.26826	3.06108	59.8066	45.8518	13.4107	72.1728	0.079446	0.446929	42.0793	5.94544	6.88875	102.56	13.7036	4.79838	17.2067	0.206055	0.076142	5.29976	20.4815	37.0825
1.25629	3.94799	65.8692	44.6377	14.2766	73.5585	0.141055	0.454473	43.3739	6.96505	7.10582	107.082	14.4121	3.59575	16.1133	0.249675	0.139607	6.45377	19.9003	38.2009
1.51367	3.86003	78.1948	50.8159	16.0816	89.5258	0.506562	0.586325	54.7171	9.89335	9.04993	120.953	NA	4.28155	19.7672	0.295685	0.223112	9.03686	27.0201	46.8529

